"Reference","Qty","Value","MPN","Description"
"C1","1","10uF","","CAP CER 10UF 6.3V X5R 20% 0603"
"C2,C6,C13,C17,C18,C20,C21,C23,C26,C27,C33,C34,C42,C43","14","0.1uF","GRM155R71A104KA01D","CAP CER 0.1UF 10V X7R 0402,CAP CER 0.1UF 16V X7R 0402"
"C3,C4,C12,C14,C36","5","1uF","","CAP CER 1.0UF 10% 6.3V X5R 0402"
"C5,C11","2","4.7nF","","CAP CER 4700PF 10V 0402"
"C7,C8,C9,C10","4","47pF","","CAP CERM 47PF 5% 50V NP0 0402"
"C15","1","1.5nF","","CAP CER 1500PF 50V X7R 0402"
"C16,C46","2","1nF","CC1206KKX7RDBB102","CAP CER 1000PF 2KV X7R 1206"
"C19,C25","2","4.7uF","GRM21BR71C475KE51L","CAP CER 4.7UF 16V X7R 0805"
"C22,C28,C29,C38,C41","5","10nF","GRM155R71E103KA01D","CAP CER 10000PF 16V X7R 0402,CAP CER 10000PF 25V X7R 0402"
"C24,C39,C40,C44,C45","5","1uF","CL10B105KP8NNNC","CAP CER 1.0UF 10% 16V X7R 0602,CAP CER 1UF 10V X7R 0603"
"C30","1","5uF","","CAP CER 5UF 16V X7R 0603"
"C31,C32,C35,C37","4","2uF","CL10B225KP8NNNC","CAP CER 2UF 10V X7R 0603"
"D1","1","Red LED","APT2012SURCK","LED RED CLEAR CHIP SMD"
"D2","1","Green LED","APT2012CGCK","LED GREEN CLEAR CHIP SMD"
"D3","1","Blue LED","APT2012LVBC/D","LED BLUE CLEAR 2SMD"
"F1","1","Polyfuse","nanoSMDC035F","PTC RESET FUSE 6V 750MA 1206"
"FB1,FB2","2","FerriteBead","MPZ1608S601ATA00","FERRITE BEAD 600 OHM 0603 1LN"
"J1","1","DB9_Socket","","9-pin D-SUB connector, socket (female), Mounting Hole"
"J2","1","SWD","","Generic connector, single row, 01x05, script generated"
"J3","1","USB_B_Micro","USB3076-30-A","MICRO B SKT, BOTTOM-SMT, R/A, 30"
"L1","1","DLW21SN900HQ2L","DLW21SN900HQ2L",""
"R1,R2,R3,R4","4","51k","","RES 51K OHM 1/10W 1% 0402 SMD"
"R5","1","10k","","RES 10K OHM 1/10W 5% 0402 SMD"
"R6,R7,R8,R9,R10,R11,R29","7","0R","","RES 0.0 OHM 1/10W 0402 SMD"
"R12,R14","2","100k","","RES 100K OHM 1/10W 5% 0402 SMD"
"R13","1","1M","","RES 1.0M OHM 1/10W 5% 0402 SMD"
"R15,R28","2","1M","RC0603FR-071ML","RES 1M OHM 1% 1/10W 0603"
"R16,R18,R20,R21","4","10k","RC0603FR-0710KL","RES 10K OHM 1% 1/10W 0603"
"R17,R19,R23","3","330R","RC0603FR-07330RL","RES 330 OHM 1% 1/10W 0603"
"R22","1","1.5k","RC0603FR-071K5L","RES 1.5K OHM 1% 1/10W 0603"
"R24","1","680R","RC0603FR-07680RL","RES 680 OHM 1% 1/10W 0603"
"R25","1","100k","RC0603FR-07100KL","RES 100K OHM 1% 1/10W 0603"
"R26,R27","2","22R","RC0603FR-0722RL","RES 22 OHM 1% 1/10W 0603"
"SW1,SW2,SW3,SW4","4","SW_Push","SWT0310-043016GSA","SWITCH TACTILE SPST-NO 0.05A 12V"
"TP1","1","BOOT0","","test point"
"TP2,TP3,TP4,TP5,TP6,TP7,TP8","7","TestPoint","5001","test point"
"U1","1","TPD4E1U06","TPD4E1U06",""
"U2","1","ADS1292IPBSR","ADS1292IPBSR",""
"U3","1","STM32F072CBTx","STM32F072CBT6 ","STMicroelectronics Arm Cortex-M0 MCU, 128KB flash, 16KB RAM, 48 MHz, 2.0-3.6V, 37 GPIO, LQFP48"
"U4","1","USBLC6-2","USBLC6-2SC6","TVS DIODE 5VWM 15VC SOT236"
"U5","1","ISOUSB211DPR","ISOUSB211DPR",""
"U6","1","REM1-0505S","REM1-0505S",""
"U7,U8","2","TPS7A2033PDBVR","TPS7A2033PDBVR",""
